{
  "train_loss": [
    0.03850781690494722,
    0.014624741155398887,
    0.014842052539472529,
    0.013841645604693493,
    0.013560250180802204,
    0.0130246604179683,
    0.01320194754557159,
    0.0103475133898312,
    0.01032464298968919,
    0.010256647398429257,
    0.01000941893297992,
    0.010327912685928801,
    0.009765009178229856,
    0.00993217556857824,
    0.009444713546682337,
    0.00962362508289516
  ],
  "val_loss": [
    0.17020593345472493,
    0.20827571535483003,
    0.5076826371386954,
    0.2190085124205222,
    0.41369448599319175,
    0.23089237428587123,
    0.29033126424249145,
    0.4159612021620203,
    0.11990477412593425,
    0.08469456397044982,
    0.09409850500476037,
    0.08625990869813435,
    0.15797679881402052,
    0.4865973019545187,
    0.5227529715420198,
    0.0846896460519854
  ],
  "train_data_loss": [],
  "train_physics_loss": [],
  "learning_rates": [
    0.001,
    0.001,
    0.001,
    0.001,
    0.001,
    0.001,
    0.0005,
    0.0005,
    0.0005,
    0.0005,
    0.0005,
    0.0005,
    0.0005,
    0.0005,
    0.0005,
    0.00025
  ],
  "epochs": [
    1,
    2,
    3,
    4,
    5,
    6,
    7,
    8,
    9,
    10,
    11,
    12,
    13,
    14,
    15,
    16
  ]
}