{
  "train_loss": [
    0.03809486867403288,
    0.01517127498284946,
    0.013876901218545368,
    0.013596494957214962,
    0.012733821222706047,
    0.013045384242958084,
    0.011673188105793706,
    0.011277787148697179,
    0.011883055362904365,
    0.01087096958640517,
    0.010801271052265173,
    0.010609361231165244,
    0.010530579518517803,
    0.00977199530034797,
    0.011630439124444076,
    0.010405649630618947
  ],
  "val_loss": [
    0.23802466048215776,
    0.2091941596128853,
    0.19245032700661993,
    0.20746709635366023,
    0.2943028008574908,
    0.16181542737332663,
    0.1923002928000942,
    0.4049621248982616,
    0.38905361429884183,
    0.1197333707253343,
    0.22892019004541805,
    0.1252425068067675,
    0.21904777400147593,
    0.10736322361668668,
    0.28377984137725587,
    0.0880379043375478
  ],
  "train_data_loss": [],
  "train_physics_loss": [],
  "learning_rates": [
    0.001,
    0.001,
    0.001,
    0.001,
    0.001,
    0.001,
    0.001,
    0.001,
    0.001,
    0.001,
    0.001,
    0.001,
    0.001,
    0.001,
    0.001,
    0.001
  ],
  "epochs": [
    1,
    2,
    3,
    4,
    5,
    6,
    7,
    8,
    9,
    10,
    11,
    12,
    13,
    14,
    15,
    16
  ]
}