{
  "train_loss": [
    0.044184562707460094,
    0.015593654224397364,
    0.01475756335284374,
    0.014064958359521155,
    0.013275851742328508,
    0.013382625410559814,
    0.013082779479180696,
    0.012331352915711932
  ],
  "val_loss": [
    0.5433008508449516,
    0.5757273412741644,
    0.3061318560599436,
    0.1813264731221746,
    0.19921954275713755,
    0.1550678955199024,
    0.3686815107855754,
    0.08691778289845463
  ],
  "train_data_loss": [],
  "train_physics_loss": [],
  "learning_rates": [
    0.001,
    0.001,
    0.001,
    0.001,
    0.001,
    0.001,
    0.001,
    0.001
  ],
  "epochs": [
    1,
    2,
    3,
    4,
    5,
    6,
    7,
    8
  ]
}