{
  "train_loss": [
    0.04530101004874686,
    0.014953696815760871,
    0.014384661412359176,
    0.014871920049496168,
    0.013406195000450497,
    0.012474930202894086,
    0.012106843737248893,
    0.012748053185479953,
    0.012303020353393061,
    0.010132440298878404
  ],
  "val_loss": [
    0.42592288838872283,
    0.6794435282804302,
    0.09686208692062453,
    0.1304744420784343,
    0.6011024367102643,
    0.12487070651763339,
    0.1375538711124052,
    0.6908787827765972,
    0.40926940968144954,
    0.08157934206201858
  ],
  "train_data_loss": [],
  "train_physics_loss": [],
  "learning_rates": [
    0.001,
    0.001,
    0.001,
    0.001,
    0.001,
    0.001,
    0.001,
    0.001,
    0.0005,
    0.0005
  ],
  "epochs": [
    1,
    2,
    3,
    4,
    5,
    6,
    7,
    8,
    9,
    10
  ]
}