{
  "train_loss": [
    0.044071310131476193,
    0.015074058573398177,
    0.013608245455037846,
    0.012453857308134983,
    0.013724196774608179,
    0.011944113483087925,
    0.011854156163839343,
    0.012740425230633165,
    0.011674244389653522,
    0.012297509324873536,
    0.01199942229056738,
    0.011490806689104748,
    0.010761230411349606
  ],
  "val_loss": [
    0.3380108009639782,
    0.25923285747580616,
    0.48649370398122777,
    0.14586415260396512,
    0.10046913076825824,
    0.10449752050749574,
    0.7871057729707244,
    0.27278330897163483,
    0.13538184167682818,
    0.16561101862114191,
    0.07272792006026685,
    0.13600921437873975,
    0.06981782284421251
  ],
  "train_data_loss": [],
  "train_physics_loss": [],
  "learning_rates": [
    0.001,
    0.001,
    0.001,
    0.001,
    0.001,
    0.001,
    0.001,
    0.001,
    0.001,
    0.001,
    0.001,
    0.001,
    0.001
  ],
  "epochs": [
    1,
    2,
    3,
    4,
    5,
    6,
    7,
    8,
    9,
    10,
    11,
    12,
    13
  ]
}