{
  "train_loss": [
    0.03939163137737906,
    0.014891123724112497,
    0.014255136333704427,
    0.01301601220283686,
    0.013095679898785866,
    0.013096471170581964,
    0.012323937860216844,
    0.011420180067297747,
    0.013273724668540607
  ],
  "val_loss": [
    0.45960581052529903,
    0.20412825437781124,
    0.24983609160744422,
    0.1377299831335231,
    0.37308302153017103,
    0.10955597411303483,
    0.33018943066372697,
    0.10349460597601287,
    0.07776457048981383
  ],
  "train_data_loss": [],
  "train_physics_loss": [],
  "learning_rates": [
    0.001,
    0.001,
    0.001,
    0.001,
    0.001,
    0.001,
    0.001,
    0.001,
    0.001
  ],
  "epochs": [
    1,
    2,
    3,
    4,
    5,
    6,
    7,
    8,
    9
  ]
}