{
  "train_loss": [
    0.041211315399237176,
    0.015982696461998302,
    0.01261582994216902,
    0.014046548023409997,
    0.01295870666178195,
    0.011683680678980289,
    0.011894327903240128,
    0.012143615691681684,
    0.012235086802285322,
    0.009611302881787484
  ],
  "val_loss": [
    0.1994194794811078,
    0.4251267439733768,
    0.09540484803872779,
    0.33725230947386514,
    0.3907004126213184,
    0.30174576686983257,
    0.2379885698745469,
    0.12454183454884543,
    0.21569964703719718,
    0.0860745878770141
  ],
  "train_data_loss": [],
  "train_physics_loss": [],
  "learning_rates": [
    0.001,
    0.001,
    0.001,
    0.001,
    0.001,
    0.001,
    0.001,
    0.001,
    0.0005,
    0.0005
  ],
  "epochs": [
    1,
    2,
    3,
    4,
    5,
    6,
    7,
    8,
    9,
    10
  ]
}