{
  "train_loss": [
    0.042672736612490186,
    0.015845277229805825,
    0.013700645936124429,
    0.014005871392556369,
    0.012434913454987253,
    0.012479446248985596
  ],
  "val_loss": [
    0.6364139852584484,
    0.14793623105344392,
    0.4554434619248681,
    0.1941661101108244,
    0.1394526145574589,
    0.0738659553450638
  ],
  "train_data_loss": [],
  "train_physics_loss": [],
  "learning_rates": [
    0.001,
    0.001,
    0.001,
    0.001,
    0.001,
    0.001
  ],
  "epochs": [
    1,
    2,
    3,
    4,
    5,
    6
  ]
}