{
  "train_loss": [
    0.05587009334861225,
    0.03036358839253316,
    0.027588255623441808,
    0.026080005297897578,
    0.024199811459436265,
    0.022549131726055015,
    0.022307574428963153,
    0.02339481726705913,
    0.0227257417565262,
    0.02272804788561919,
    0.020812114929010854,
    0.02016248426428892,
    0.022406698388863774,
    0.022180039397868757,
    0.02210228589568359,
    0.021018218727329292,
    0.019966512124690597,
    0.014635314864671024,
    0.014183042222601595,
    0.013611699039616324,
    0.013805284439478227,
    0.01317075892121434,
    0.013671782683099272,
    0.013679867304239465,
    0.01305884265468517,
    0.012661473091123589,
    0.012935821403853567
  ],
  "val_loss": [
    1.1442277626873754,
    2.0797583186787736,
    0.7695232288739116,
    0.5997109835362542,
    0.5625708395922461,
    0.3842872520380644,
    0.5223606679895797,
    1.0824351899095417,
    1.513678569154641,
    1.0072978168687563,
    0.38406410373113664,
    0.4633973659275426,
    0.5120277481979316,
    0.9813730977571655,
    0.6320732354868165,
    1.373820194864127,
    0.8975845833510622,
    0.37756225663554116,
    0.3749544037045124,
    0.6837513881841117,
    0.5659041674231592,
    0.6463037975247681,
    0.7081443416578791,
    1.0071507703138458,
    0.3637502295080304,
    0.545365967960625,
    0.34976494765946087
  ],
  "train_data_loss": [],
  "train_physics_loss": [],
  "learning_rates": [
    0.001,
    0.001,
    0.001,
    0.001,
    0.001,
    0.001,
    0.001,
    0.001,
    0.001,
    0.001,
    0.001,
    0.001,
    0.001,
    0.001,
    0.001,
    0.001,
    0.0005,
    0.0005,
    0.0005,
    0.0005,
    0.0005,
    0.0005,
    0.0005,
    0.0005,
    0.0005,
    0.0005,
    0.0005
  ],
  "epochs": [
    1,
    2,
    3,
    4,
    5,
    6,
    7,
    8,
    9,
    10,
    11,
    12,
    13,
    14,
    15,
    16,
    17,
    18,
    19,
    20,
    21,
    22,
    23,
    24,
    25,
    26,
    27
  ]
}